--
-- PostgreSQL database dump
--

\restrict ZzYWRx7FUTQTaeROh45cSaHRFTne5VmnBQCXbCuMcmIOyj5iHYg9acuR5YYI22i

-- Dumped from database version 16.11 (Debian 16.11-1.pgdg13+1)
-- Dumped by pg_dump version 16.11 (Debian 16.11-1.pgdg13+1)

SET statement_timeout = 0;
SET lock_timeout = 0;
SET idle_in_transaction_session_timeout = 0;
SET client_encoding = 'UTF8';
SET standard_conforming_strings = on;
SELECT pg_catalog.set_config('search_path', '', false);
SET check_function_bodies = false;
SET xmloption = content;
SET client_min_messages = warning;
SET row_security = off;

SET default_tablespace = '';

SET default_table_access_method = heap;

--
-- Name: account_emailverificationcode; Type: TABLE; Schema: public; Owner: myuser
--

CREATE TABLE public.account_emailverificationcode (
    id bigint NOT NULL,
    purpose character varying(50) NOT NULL,
    code_hash character varying(128) NOT NULL,
    token uuid NOT NULL,
    is_used boolean NOT NULL,
    used_at timestamp with time zone,
    expires_at timestamp with time zone NOT NULL,
    attempts integer NOT NULL,
    max_attempts integer NOT NULL,
    created_at timestamp with time zone NOT NULL,
    updated_at timestamp with time zone NOT NULL,
    user_id bigint NOT NULL,
    CONSTRAINT account_emailverificationcode_attempts_check CHECK ((attempts >= 0)),
    CONSTRAINT account_emailverificationcode_max_attempts_check CHECK ((max_attempts >= 0))
);


ALTER TABLE public.account_emailverificationcode OWNER TO myuser;

--
-- Name: account_emailverificationcode_id_seq; Type: SEQUENCE; Schema: public; Owner: myuser
--

ALTER TABLE public.account_emailverificationcode ALTER COLUMN id ADD GENERATED BY DEFAULT AS IDENTITY (
    SEQUENCE NAME public.account_emailverificationcode_id_seq
    START WITH 1
    INCREMENT BY 1
    NO MINVALUE
    NO MAXVALUE
    CACHE 1
);


--
-- Name: activity_logs; Type: TABLE; Schema: public; Owner: myuser
--

CREATE TABLE public.activity_logs (
    id bigint NOT NULL,
    action character varying(20) NOT NULL,
    model_name character varying(100) NOT NULL,
    object_id integer,
    details jsonb,
    ip_address inet,
    created_at timestamp with time zone NOT NULL,
    user_id bigint,
    CONSTRAINT activity_logs_object_id_check CHECK ((object_id >= 0))
);


ALTER TABLE public.activity_logs OWNER TO myuser;

--
-- Name: activity_logs_id_seq; Type: SEQUENCE; Schema: public; Owner: myuser
--

ALTER TABLE public.activity_logs ALTER COLUMN id ADD GENERATED BY DEFAULT AS IDENTITY (
    SEQUENCE NAME public.activity_logs_id_seq
    START WITH 1
    INCREMENT BY 1
    NO MINVALUE
    NO MAXVALUE
    CACHE 1
);


--
-- Name: auth_group; Type: TABLE; Schema: public; Owner: myuser
--

CREATE TABLE public.auth_group (
    id integer NOT NULL,
    name character varying(150) NOT NULL
);


ALTER TABLE public.auth_group OWNER TO myuser;

--
-- Name: auth_group_id_seq; Type: SEQUENCE; Schema: public; Owner: myuser
--

ALTER TABLE public.auth_group ALTER COLUMN id ADD GENERATED BY DEFAULT AS IDENTITY (
    SEQUENCE NAME public.auth_group_id_seq
    START WITH 1
    INCREMENT BY 1
    NO MINVALUE
    NO MAXVALUE
    CACHE 1
);


--
-- Name: auth_group_permissions; Type: TABLE; Schema: public; Owner: myuser
--

CREATE TABLE public.auth_group_permissions (
    id bigint NOT NULL,
    group_id integer NOT NULL,
    permission_id integer NOT NULL
);


ALTER TABLE public.auth_group_permissions OWNER TO myuser;

--
-- Name: auth_group_permissions_id_seq; Type: SEQUENCE; Schema: public; Owner: myuser
--

ALTER TABLE public.auth_group_permissions ALTER COLUMN id ADD GENERATED BY DEFAULT AS IDENTITY (
    SEQUENCE NAME public.auth_group_permissions_id_seq
    START WITH 1
    INCREMENT BY 1
    NO MINVALUE
    NO MAXVALUE
    CACHE 1
);


--
-- Name: auth_permission; Type: TABLE; Schema: public; Owner: myuser
--

CREATE TABLE public.auth_permission (
    id integer NOT NULL,
    name character varying(255) NOT NULL,
    content_type_id integer NOT NULL,
    codename character varying(100) NOT NULL
);


ALTER TABLE public.auth_permission OWNER TO myuser;

--
-- Name: auth_permission_id_seq; Type: SEQUENCE; Schema: public; Owner: myuser
--

ALTER TABLE public.auth_permission ALTER COLUMN id ADD GENERATED BY DEFAULT AS IDENTITY (
    SEQUENCE NAME public.auth_permission_id_seq
    START WITH 1
    INCREMENT BY 1
    NO MINVALUE
    NO MAXVALUE
    CACHE 1
);


--
-- Name: django_admin_log; Type: TABLE; Schema: public; Owner: myuser
--

CREATE TABLE public.django_admin_log (
    id integer NOT NULL,
    action_time timestamp with time zone NOT NULL,
    object_id text,
    object_repr character varying(200) NOT NULL,
    action_flag smallint NOT NULL,
    change_message text NOT NULL,
    content_type_id integer,
    user_id bigint NOT NULL,
    CONSTRAINT django_admin_log_action_flag_check CHECK ((action_flag >= 0))
);


ALTER TABLE public.django_admin_log OWNER TO myuser;

--
-- Name: django_admin_log_id_seq; Type: SEQUENCE; Schema: public; Owner: myuser
--

ALTER TABLE public.django_admin_log ALTER COLUMN id ADD GENERATED BY DEFAULT AS IDENTITY (
    SEQUENCE NAME public.django_admin_log_id_seq
    START WITH 1
    INCREMENT BY 1
    NO MINVALUE
    NO MAXVALUE
    CACHE 1
);


--
-- Name: django_content_type; Type: TABLE; Schema: public; Owner: myuser
--

CREATE TABLE public.django_content_type (
    id integer NOT NULL,
    app_label character varying(100) NOT NULL,
    model character varying(100) NOT NULL
);


ALTER TABLE public.django_content_type OWNER TO myuser;

--
-- Name: django_content_type_id_seq; Type: SEQUENCE; Schema: public; Owner: myuser
--

ALTER TABLE public.django_content_type ALTER COLUMN id ADD GENERATED BY DEFAULT AS IDENTITY (
    SEQUENCE NAME public.django_content_type_id_seq
    START WITH 1
    INCREMENT BY 1
    NO MINVALUE
    NO MAXVALUE
    CACHE 1
);


--
-- Name: django_migrations; Type: TABLE; Schema: public; Owner: myuser
--

CREATE TABLE public.django_migrations (
    id bigint NOT NULL,
    app character varying(255) NOT NULL,
    name character varying(255) NOT NULL,
    applied timestamp with time zone NOT NULL
);


ALTER TABLE public.django_migrations OWNER TO myuser;

--
-- Name: django_migrations_id_seq; Type: SEQUENCE; Schema: public; Owner: myuser
--

ALTER TABLE public.django_migrations ALTER COLUMN id ADD GENERATED BY DEFAULT AS IDENTITY (
    SEQUENCE NAME public.django_migrations_id_seq
    START WITH 1
    INCREMENT BY 1
    NO MINVALUE
    NO MAXVALUE
    CACHE 1
);


--
-- Name: django_session; Type: TABLE; Schema: public; Owner: myuser
--

CREATE TABLE public.django_session (
    session_key character varying(40) NOT NULL,
    session_data text NOT NULL,
    expire_date timestamp with time zone NOT NULL
);


ALTER TABLE public.django_session OWNER TO myuser;

--
-- Name: gym_branches; Type: TABLE; Schema: public; Owner: myuser
--

CREATE TABLE public.gym_branches (
    id bigint NOT NULL,
    name character varying(200) NOT NULL,
    location text NOT NULL,
    is_active boolean NOT NULL,
    created_at timestamp with time zone NOT NULL,
    updated_at timestamp with time zone NOT NULL
);


ALTER TABLE public.gym_branches OWNER TO myuser;

--
-- Name: gym_branches_id_seq; Type: SEQUENCE; Schema: public; Owner: myuser
--

ALTER TABLE public.gym_branches ALTER COLUMN id ADD GENERATED BY DEFAULT AS IDENTITY (
    SEQUENCE NAME public.gym_branches_id_seq
    START WITH 1
    INCREMENT BY 1
    NO MINVALUE
    NO MAXVALUE
    CACHE 1
);


--
-- Name: token_blacklist_blacklistedtoken; Type: TABLE; Schema: public; Owner: myuser
--

CREATE TABLE public.token_blacklist_blacklistedtoken (
    id bigint NOT NULL,
    blacklisted_at timestamp with time zone NOT NULL,
    token_id bigint NOT NULL
);


ALTER TABLE public.token_blacklist_blacklistedtoken OWNER TO myuser;

--
-- Name: token_blacklist_blacklistedtoken_id_seq; Type: SEQUENCE; Schema: public; Owner: myuser
--

ALTER TABLE public.token_blacklist_blacklistedtoken ALTER COLUMN id ADD GENERATED BY DEFAULT AS IDENTITY (
    SEQUENCE NAME public.token_blacklist_blacklistedtoken_id_seq
    START WITH 1
    INCREMENT BY 1
    NO MINVALUE
    NO MAXVALUE
    CACHE 1
);


--
-- Name: token_blacklist_outstandingtoken; Type: TABLE; Schema: public; Owner: myuser
--

CREATE TABLE public.token_blacklist_outstandingtoken (
    id bigint NOT NULL,
    token text NOT NULL,
    created_at timestamp with time zone,
    expires_at timestamp with time zone NOT NULL,
    user_id bigint,
    jti character varying(255) NOT NULL
);


ALTER TABLE public.token_blacklist_outstandingtoken OWNER TO myuser;

--
-- Name: token_blacklist_outstandingtoken_id_seq; Type: SEQUENCE; Schema: public; Owner: myuser
--

ALTER TABLE public.token_blacklist_outstandingtoken ALTER COLUMN id ADD GENERATED BY DEFAULT AS IDENTITY (
    SEQUENCE NAME public.token_blacklist_outstandingtoken_id_seq
    START WITH 1
    INCREMENT BY 1
    NO MINVALUE
    NO MAXVALUE
    CACHE 1
);


--
-- Name: users; Type: TABLE; Schema: public; Owner: myuser
--

CREATE TABLE public.users (
    id bigint NOT NULL,
    password character varying(128) NOT NULL,
    last_login timestamp with time zone,
    is_superuser boolean NOT NULL,
    email character varying(254) NOT NULL,
    role character varying(10) NOT NULL,
    is_active boolean NOT NULL,
    is_staff boolean NOT NULL,
    created_at timestamp with time zone NOT NULL,
    updated_at timestamp with time zone NOT NULL,
    gym_branch_id bigint,
    first_name character varying(255),
    gender character varying(1),
    last_name character varying(255),
    phone_number character varying(20),
    is_verified boolean NOT NULL
);


ALTER TABLE public.users OWNER TO myuser;

--
-- Name: users_groups; Type: TABLE; Schema: public; Owner: myuser
--

CREATE TABLE public.users_groups (
    id bigint NOT NULL,
    user_id bigint NOT NULL,
    group_id integer NOT NULL
);


ALTER TABLE public.users_groups OWNER TO myuser;

--
-- Name: users_groups_id_seq; Type: SEQUENCE; Schema: public; Owner: myuser
--

ALTER TABLE public.users_groups ALTER COLUMN id ADD GENERATED BY DEFAULT AS IDENTITY (
    SEQUENCE NAME public.users_groups_id_seq
    START WITH 1
    INCREMENT BY 1
    NO MINVALUE
    NO MAXVALUE
    CACHE 1
);


--
-- Name: users_id_seq; Type: SEQUENCE; Schema: public; Owner: myuser
--

ALTER TABLE public.users ALTER COLUMN id ADD GENERATED BY DEFAULT AS IDENTITY (
    SEQUENCE NAME public.users_id_seq
    START WITH 1
    INCREMENT BY 1
    NO MINVALUE
    NO MAXVALUE
    CACHE 1
);


--
-- Name: users_user_permissions; Type: TABLE; Schema: public; Owner: myuser
--

CREATE TABLE public.users_user_permissions (
    id bigint NOT NULL,
    user_id bigint NOT NULL,
    permission_id integer NOT NULL
);


ALTER TABLE public.users_user_permissions OWNER TO myuser;

--
-- Name: users_user_permissions_id_seq; Type: SEQUENCE; Schema: public; Owner: myuser
--

ALTER TABLE public.users_user_permissions ALTER COLUMN id ADD GENERATED BY DEFAULT AS IDENTITY (
    SEQUENCE NAME public.users_user_permissions_id_seq
    START WITH 1
    INCREMENT BY 1
    NO MINVALUE
    NO MAXVALUE
    CACHE 1
);


--
-- Name: workout_plans; Type: TABLE; Schema: public; Owner: myuser
--

CREATE TABLE public.workout_plans (
    id bigint NOT NULL,
    title character varying(255) NOT NULL,
    description text NOT NULL,
    is_active boolean NOT NULL,
    created_at timestamp with time zone NOT NULL,
    updated_at timestamp with time zone NOT NULL,
    created_by_id bigint NOT NULL,
    gym_branch_id bigint NOT NULL
);


ALTER TABLE public.workout_plans OWNER TO myuser;

--
-- Name: workout_plans_id_seq; Type: SEQUENCE; Schema: public; Owner: myuser
--

ALTER TABLE public.workout_plans ALTER COLUMN id ADD GENERATED BY DEFAULT AS IDENTITY (
    SEQUENCE NAME public.workout_plans_id_seq
    START WITH 1
    INCREMENT BY 1
    NO MINVALUE
    NO MAXVALUE
    CACHE 1
);


--
-- Name: workout_tasks; Type: TABLE; Schema: public; Owner: myuser
--

CREATE TABLE public.workout_tasks (
    id bigint NOT NULL,
    status character varying(20) NOT NULL,
    due_date date NOT NULL,
    notes text,
    completed_at timestamp with time zone,
    created_at timestamp with time zone NOT NULL,
    updated_at timestamp with time zone NOT NULL,
    member_id bigint NOT NULL,
    workout_plan_id bigint NOT NULL
);


ALTER TABLE public.workout_tasks OWNER TO myuser;

--
-- Name: workout_tasks_id_seq; Type: SEQUENCE; Schema: public; Owner: myuser
--

ALTER TABLE public.workout_tasks ALTER COLUMN id ADD GENERATED BY DEFAULT AS IDENTITY (
    SEQUENCE NAME public.workout_tasks_id_seq
    START WITH 1
    INCREMENT BY 1
    NO MINVALUE
    NO MAXVALUE
    CACHE 1
);


--
-- Data for Name: account_emailverificationcode; Type: TABLE DATA; Schema: public; Owner: myuser
--

COPY public.account_emailverificationcode (id, purpose, code_hash, token, is_used, used_at, expires_at, attempts, max_attempts, created_at, updated_at, user_id) FROM stdin;
\.


--
-- Data for Name: activity_logs; Type: TABLE DATA; Schema: public; Owner: myuser
--

COPY public.activity_logs (id, action, model_name, object_id, details, ip_address, created_at, user_id) FROM stdin;
1	LOGIN	User	\N	\N	127.0.0.1	2026-01-15 09:13:16.76596+00	1
2	LOGIN	User	\N	\N	127.0.0.1	2026-01-15 09:30:08.913659+00	1
3	LOGIN	User	\N	\N	127.0.0.1	2026-01-15 09:51:02.654107+00	1
4	LOGIN	User	\N	\N	127.0.0.1	2026-01-15 09:55:40.754763+00	1
5	CREATE	User	\N	"Created user manager@gmail.com (MANAGER)"	\N	2026-01-15 10:01:46.353775+00	1
6	UPDATE	User	3	"Updated user manager@gmail.com (MANAGER)"	\N	2026-01-15 10:15:20.31923+00	1
7	LOGIN	User	\N	\N	127.0.0.1	2026-01-15 10:24:18.380498+00	3
8	LOGIN	User	\N	\N	127.0.0.1	2026-01-15 10:38:38.858422+00	1
9	CREATE	User	\N	"Created user sarah.johnson@example.com (MANAGER)"	\N	2026-01-15 10:40:03.092158+00	1
10	CREATE	User	\N	"Created user michael.chen@example.com (MANAGER)"	\N	2026-01-15 10:40:15.71609+00	1
11	CREATE	User	\N	"Created user jessica.williams@example.com (TRAINER)"	\N	2026-01-15 10:40:25.655013+00	1
12	CREATE	User	\N	"Created user david.martinez@example.com (TRAINER)"	\N	2026-01-15 10:40:37.112394+00	1
13	CREATE	User	\N	"Created user emily.brown@example.com (TRAINER)"	\N	2026-01-15 10:40:52.936681+00	1
14	CREATE	User	\N	"Created user james.taylor@example.com (MEMBER)"	\N	2026-01-15 10:41:07.589294+00	1
15	CREATE	User	\N	"Created user sophia.anderson@example.com (MEMBER)"	\N	2026-01-15 10:41:16.481245+00	1
16	CREATE	User	\N	"Created user daniel.thomas@example.com (MEMBER)"	\N	2026-01-15 10:41:24.92621+00	1
17	CREATE	User	\N	"Created user olivia.garcia@example.com (MEMBER)"	\N	2026-01-15 10:41:34.309587+00	1
18	CREATE	User	\N	"Created user ryan.lee@example.com (MEMBER)"	\N	2026-01-15 10:41:42.131349+00	1
19	CREATE	User	\N	"Created user natalie.white@example.com (MEMBER)"	\N	2026-01-15 10:41:52.599476+00	1
20	CREATE	User	\N	"Created user kevin.harris@example.com (MEMBER)"	\N	2026-01-15 10:42:01.190621+00	1
21	CREATE	User	\N	"Created user amanda.clark@example.com (MEMBER)"	\N	2026-01-15 10:42:11.000094+00	1
22	CREATE	User	\N	"Created user chris.rodriguez@example.com (MEMBER)"	\N	2026-01-15 10:42:25.743515+00	1
23	CREATE	User	\N	"Created user rachel.lewis@example.com (MEMBER)"	\N	2026-01-15 10:42:37.342829+00	1
24	LOGIN	User	\N	\N	127.0.0.1	2026-01-15 10:42:58.167377+00	3
25	UPDATE	User	12	"Updated user olivia.garcia@example.com (MEMBER)"	\N	2026-01-15 10:51:04.222038+00	3
26	LOGIN	User	\N	\N	127.0.0.1	2026-01-15 11:05:42.220339+00	1
27	CREATE	User	\N	"Created user triner@gmail.com (TRAINER)"	\N	2026-01-15 11:06:36.531543+00	1
28	CREATE	User	\N	"Created user member@gmail.com (MEMBER)"	\N	2026-01-15 11:07:18.343902+00	1
29	LOGIN	User	\N	\N	127.0.0.1	2026-01-15 11:07:51.077396+00	19
30	LOGIN	User	\N	\N	127.0.0.1	2026-01-15 11:40:52.22022+00	20
31	LOGIN	User	\N	\N	127.0.0.1	2026-01-15 11:48:44.553974+00	3
\.


--
-- Data for Name: auth_group; Type: TABLE DATA; Schema: public; Owner: myuser
--

COPY public.auth_group (id, name) FROM stdin;
\.


--
-- Data for Name: auth_group_permissions; Type: TABLE DATA; Schema: public; Owner: myuser
--

COPY public.auth_group_permissions (id, group_id, permission_id) FROM stdin;
\.


--
-- Data for Name: auth_permission; Type: TABLE DATA; Schema: public; Owner: myuser
--

COPY public.auth_permission (id, name, content_type_id, codename) FROM stdin;
1	Can add log entry	1	add_logentry
2	Can change log entry	1	change_logentry
3	Can delete log entry	1	delete_logentry
4	Can view log entry	1	view_logentry
5	Can add permission	2	add_permission
6	Can change permission	2	change_permission
7	Can delete permission	2	delete_permission
8	Can view permission	2	view_permission
9	Can add group	3	add_group
10	Can change group	3	change_group
11	Can delete group	3	delete_group
12	Can view group	3	view_group
13	Can add content type	4	add_contenttype
14	Can change content type	4	change_contenttype
15	Can delete content type	4	delete_contenttype
16	Can view content type	4	view_contenttype
17	Can add session	5	add_session
18	Can change session	5	change_session
19	Can delete session	5	delete_session
20	Can view session	5	view_session
21	Can add Blacklisted Token	6	add_blacklistedtoken
22	Can change Blacklisted Token	6	change_blacklistedtoken
23	Can delete Blacklisted Token	6	delete_blacklistedtoken
24	Can view Blacklisted Token	6	view_blacklistedtoken
25	Can add Outstanding Token	7	add_outstandingtoken
26	Can change Outstanding Token	7	change_outstandingtoken
27	Can delete Outstanding Token	7	delete_outstandingtoken
28	Can view Outstanding Token	7	view_outstandingtoken
29	Can add gym branch	8	add_gymbranch
30	Can change gym branch	8	change_gymbranch
31	Can delete gym branch	8	delete_gymbranch
32	Can view gym branch	8	view_gymbranch
33	Can add workout plan	9	add_workoutplan
34	Can change workout plan	9	change_workoutplan
35	Can delete workout plan	9	delete_workoutplan
36	Can view workout plan	9	view_workoutplan
37	Can add workout task	10	add_workouttask
38	Can change workout task	10	change_workouttask
39	Can delete workout task	10	delete_workouttask
40	Can view workout task	10	view_workouttask
41	Can add user	11	add_user
42	Can change user	11	change_user
43	Can delete user	11	delete_user
44	Can view user	11	view_user
45	Can add activity log	12	add_activitylog
46	Can change activity log	12	change_activitylog
47	Can delete activity log	12	delete_activitylog
48	Can view activity log	12	view_activitylog
49	Can add email verification code	13	add_emailverificationcode
50	Can change email verification code	13	change_emailverificationcode
51	Can delete email verification code	13	delete_emailverificationcode
52	Can view email verification code	13	view_emailverificationcode
\.


--
-- Data for Name: django_admin_log; Type: TABLE DATA; Schema: public; Owner: myuser
--

COPY public.django_admin_log (id, action_time, object_id, object_repr, action_flag, change_message, content_type_id, user_id) FROM stdin;
1	2026-01-14 17:02:58.636315+00	1	admin@gmail.com (ADMIN)	2	[{"changed": {"fields": ["First name", "Last name", "Phone number", "Gender"]}}]	11	1
2	2026-01-15 09:45:46.938521+00	1	Location 1 - Dhanmondi 32	1	[{"added": {}}]	8	1
3	2026-01-15 09:46:01.097196+00	2	manager@gmail.com (MANAGER)	1	[{"added": {}}]	11	1
4	2026-01-15 09:47:05.133759+00	2	manager@gmail.com (MANAGER)	3		11	1
5	2026-01-15 11:34:29.919671+00	1	Beginner Full Body Strength - chris.rodriguez@example.com (PENDING)	3		10	1
6	2026-01-15 11:50:49.638052+00	3	manager@gmail.com (MANAGER)	2	[{"changed": {"fields": ["Gym branch"]}}]	11	1
\.


--
-- Data for Name: django_content_type; Type: TABLE DATA; Schema: public; Owner: myuser
--

COPY public.django_content_type (id, app_label, model) FROM stdin;
1	admin	logentry
2	auth	permission
3	auth	group
4	contenttypes	contenttype
5	sessions	session
6	token_blacklist	blacklistedtoken
7	token_blacklist	outstandingtoken
8	gyms	gymbranch
9	workouts	workoutplan
10	workouts	workouttask
11	account	user
12	account	activitylog
13	account	emailverificationcode
\.


--
-- Data for Name: django_migrations; Type: TABLE DATA; Schema: public; Owner: myuser
--

COPY public.django_migrations (id, app, name, applied) FROM stdin;
1	gyms	0001_initial	2026-01-14 16:46:23.209191+00
2	contenttypes	0001_initial	2026-01-14 16:46:23.225477+00
3	contenttypes	0002_remove_content_type_name	2026-01-14 16:46:23.233621+00
4	auth	0001_initial	2026-01-14 16:46:23.302579+00
5	auth	0002_alter_permission_name_max_length	2026-01-14 16:46:23.3083+00
6	auth	0003_alter_user_email_max_length	2026-01-14 16:46:23.312952+00
7	auth	0004_alter_user_username_opts	2026-01-14 16:46:23.318643+00
8	auth	0005_alter_user_last_login_null	2026-01-14 16:46:23.323793+00
9	auth	0006_require_contenttypes_0002	2026-01-14 16:46:23.327399+00
10	auth	0007_alter_validators_add_error_messages	2026-01-14 16:46:23.332762+00
11	auth	0008_alter_user_username_max_length	2026-01-14 16:46:23.338393+00
12	auth	0009_alter_user_last_name_max_length	2026-01-14 16:46:23.343549+00
13	auth	0010_alter_group_name_max_length	2026-01-14 16:46:23.351056+00
14	auth	0011_update_proxy_permissions	2026-01-14 16:46:23.356208+00
15	auth	0012_alter_user_first_name_max_length	2026-01-14 16:46:23.361365+00
16	account	0001_initial	2026-01-14 16:46:23.519648+00
17	admin	0001_initial	2026-01-14 16:46:23.552644+00
18	admin	0002_logentry_remove_auto_add	2026-01-14 16:46:23.559122+00
19	admin	0003_logentry_add_action_flag_choices	2026-01-14 16:46:23.56646+00
20	sessions	0001_initial	2026-01-14 16:46:23.593776+00
21	token_blacklist	0001_initial	2026-01-14 16:46:23.645311+00
22	token_blacklist	0002_outstandingtoken_jti_hex	2026-01-14 16:46:23.653672+00
23	token_blacklist	0003_auto_20171017_2007	2026-01-14 16:46:23.663332+00
24	token_blacklist	0004_auto_20171017_2013	2026-01-14 16:46:23.682404+00
25	token_blacklist	0005_remove_outstandingtoken_jti	2026-01-14 16:46:23.690808+00
26	token_blacklist	0006_auto_20171017_2113	2026-01-14 16:46:23.719341+00
27	token_blacklist	0007_auto_20171017_2214	2026-01-14 16:46:23.743836+00
28	token_blacklist	0008_migrate_to_bigautofield	2026-01-14 16:46:23.809613+00
29	token_blacklist	0010_fix_migrate_to_bigautofield	2026-01-14 16:46:23.824696+00
30	token_blacklist	0011_linearizes_history	2026-01-14 16:46:23.828841+00
31	token_blacklist	0012_alter_outstandingtoken_user	2026-01-14 16:46:23.836841+00
32	token_blacklist	0013_alter_blacklistedtoken_options_and_more	2026-01-14 16:46:23.845183+00
33	workouts	0001_initial	2026-01-14 16:46:23.968686+00
34	account	0002_user_first_name_user_gender_user_last_name_and_more	2026-01-14 16:56:01.975117+00
35	account	0003_user_is_verified	2026-01-14 16:58:23.415555+00
\.


--
-- Data for Name: django_session; Type: TABLE DATA; Schema: public; Owner: myuser
--

COPY public.django_session (session_key, session_data, expire_date) FROM stdin;
uxbo8sc7riz6hjqusrq10l1wus75oq3h	.eJxVjMsOwiAQRf-FtSEOb1y67zeQAQapGkhKuzL-uzbpQrf3nHNfLOC21rANWsKc2YUBO_1uEdOD2g7yHdut89TbusyR7wo_6OBTz_S8Hu7fQcVRv_VZJRARpfEKsxa-aO0gEiovVXRkCKNxknImEMJrZ0rykABtsoUsIHt_AOKHODg:1vgKIQ:Utv7T2yZcvzAyAyvuRg6fksuQf4VxxGOaU7WHd_1BHk	2026-01-29 10:09:42.781589+00
\.


--
-- Data for Name: gym_branches; Type: TABLE DATA; Schema: public; Owner: myuser
--

COPY public.gym_branches (id, name, location, is_active, created_at, updated_at) FROM stdin;
2	Location 2	Farmgate	t	2026-01-15 10:18:23.758843+00	2026-01-15 10:18:23.758843+00
1	Location 1	kalabagan	t	2026-01-15 09:45:46.934364+00	2026-01-15 10:22:36.425689+00
\.


--
-- Data for Name: token_blacklist_blacklistedtoken; Type: TABLE DATA; Schema: public; Owner: myuser
--

COPY public.token_blacklist_blacklistedtoken (id, blacklisted_at, token_id) FROM stdin;
1	2026-01-15 09:33:51.248276+00	3
\.


--
-- Data for Name: token_blacklist_outstandingtoken; Type: TABLE DATA; Schema: public; Owner: myuser
--

COPY public.token_blacklist_outstandingtoken (id, token, created_at, expires_at, user_id, jti) FROM stdin;
1	eyJhbGciOiJIUzI1NiIsInR5cCI6IkpXVCJ9.eyJ0b2tlbl90eXBlIjoicmVmcmVzaCIsImV4cCI6MTc2ODQ5Njk0MSwiaWF0IjoxNzY4NDEwNTQxLCJqdGkiOiJkY2U5ZWM4OWFlM2U0OWNmODJhZDdiNWM1ZjRmZjVmYyIsInVzZXJfaWQiOiIxIn0.56wSsc2zQ9CPr_FVGlNBALth_5KXzwchwdhCxAEkUXw	2026-01-14 17:09:01.084658+00	2026-01-15 17:09:01+00	1	dce9ec89ae3e49cf82ad7b5c5f4ff5fc
2	eyJhbGciOiJIUzI1NiIsInR5cCI6IkpXVCJ9.eyJ0b2tlbl90eXBlIjoicmVmcmVzaCIsImV4cCI6MTc2ODU1NDc5NiwiaWF0IjoxNzY4NDY4Mzk2LCJqdGkiOiJlYjkxY2Q3ZDE3ZDU0NDY3YjJkNzNlZjE2NzM1MTU3MyIsInVzZXJfaWQiOiIxIn0.zpBLmgZzrM-ss4sLe405Q6n-Cs7uBbgqWlra6z-xvhQ	2026-01-15 09:13:16.741855+00	2026-01-16 09:13:16+00	1	eb91cd7d17d54467b2d73ef167351573
3	eyJhbGciOiJIUzI1NiIsInR5cCI6IkpXVCJ9.eyJ0b2tlbl90eXBlIjoicmVmcmVzaCIsImV4cCI6MTc2ODU1NTgwOCwiaWF0IjoxNzY4NDY5NDA4LCJqdGkiOiJmNzEyYjNjNTE4M2I0YTc2YjM3MzZiMGZiOGU3OWVmZCIsInVzZXJfaWQiOiIxIn0.mKcRPNqQt-5WL8rxp0ym5-D68t7jBj73aOBJsgkasoE	2026-01-15 09:30:08.907779+00	2026-01-16 09:30:08+00	1	f712b3c5183b4a76b3736b0fb8e79efd
4	eyJhbGciOiJIUzI1NiIsInR5cCI6IkpXVCJ9.eyJ0b2tlbl90eXBlIjoicmVmcmVzaCIsImV4cCI6MTc2ODU1NjAzMSwiaWF0IjoxNzY4NDY5NjMxLCJqdGkiOiIzMGUxZDc4ZDc2Zjc0ZWIyYTRhMTc3YWQ5MzFhZDUwYyIsInVzZXJfaWQiOiIxIn0.JrILFLdmL0pAyKFvgmP2ASjhM5F8uTzE1k5FnEwuG-8	2026-01-15 09:33:51.210034+00	2026-01-16 09:33:51+00	1	30e1d78d76f74eb2a4a177ad931ad50c
5	eyJhbGciOiJIUzI1NiIsInR5cCI6IkpXVCJ9.eyJ0b2tlbl90eXBlIjoicmVmcmVzaCIsImV4cCI6MTc2ODkwMjY2MiwiaWF0IjoxNzY4NDcwNjYyLCJqdGkiOiJiMTgzOTNkODlhYjc0OGU5ODM1YjcxYjhkZWNkM2Y3MCIsInVzZXJfaWQiOiIxIn0.fijN2p5KSaZcjm-3Th0T_37VKLCkKvD0KxIvIM6EDF4	2026-01-15 09:51:02.64275+00	2026-01-20 09:51:02+00	1	b18393d89ab748e9835b71b8decd3f70
6	eyJhbGciOiJIUzI1NiIsInR5cCI6IkpXVCJ9.eyJ0b2tlbl90eXBlIjoicmVmcmVzaCIsImV4cCI6MTc2ODkwMjk0MCwiaWF0IjoxNzY4NDcwOTQwLCJqdGkiOiJhMTE2ODA4OWQyMWU0OWY0ODdiMjA2ODdmNGFhM2I2NSIsInVzZXJfaWQiOiIxIn0.C_FSpxPUBJvAlVspZeqci9E11kf4l5-9jbPDmSo4GUo	2026-01-15 09:55:40.751753+00	2026-01-20 09:55:40+00	1	a1168089d21e49f487b20687f4aa3b65
7	eyJhbGciOiJIUzI1NiIsInR5cCI6IkpXVCJ9.eyJ0b2tlbl90eXBlIjoicmVmcmVzaCIsImV4cCI6MTc2ODkwNDY1OCwiaWF0IjoxNzY4NDcyNjU4LCJqdGkiOiI1OTRjNGM3OWQwNzA0YzgwOWFiYzIyOGI0Y2NlZmFjYSIsInVzZXJfaWQiOiIzIn0.Y_KwaMVTegVQ-wftPNZTiyxsbcz-DHCKL7t7OoWA35c	2026-01-15 10:24:18.376299+00	2026-01-20 10:24:18+00	3	594c4c79d0704c809abc228b4ccefaca
8	eyJhbGciOiJIUzI1NiIsInR5cCI6IkpXVCJ9.eyJ0b2tlbl90eXBlIjoicmVmcmVzaCIsImV4cCI6MTc2ODkwNTUxOCwiaWF0IjoxNzY4NDczNTE4LCJqdGkiOiI2NjA2OGI4ZDg4YWQ0OGRlYjE2YTJhNmNlMDc1NTQwZSIsInVzZXJfaWQiOiIxIn0.8J99W8U51Og9O4MGsnt0xUK7edBfXTD_oGUe5FlxHBo	2026-01-15 10:38:38.853725+00	2026-01-20 10:38:38+00	1	66068b8d88ad48deb16a2a6ce075540e
9	eyJhbGciOiJIUzI1NiIsInR5cCI6IkpXVCJ9.eyJ0b2tlbl90eXBlIjoicmVmcmVzaCIsImV4cCI6MTc2ODkwNTc3OCwiaWF0IjoxNzY4NDczNzc4LCJqdGkiOiJmZDNjOGUwMTA2NmQ0NWExYTM5OWNkMWU5NWUzNDg0NyIsInVzZXJfaWQiOiIzIn0.T3_5Bm7VhmvLWj-VinFQCxGikt7BBXaQvctLu7geCmI	2026-01-15 10:42:58.163783+00	2026-01-20 10:42:58+00	3	fd3c8e01066d45a1a399cd1e95e34847
10	eyJhbGciOiJIUzI1NiIsInR5cCI6IkpXVCJ9.eyJ0b2tlbl90eXBlIjoicmVmcmVzaCIsImV4cCI6MTc2ODkwNzE0MiwiaWF0IjoxNzY4NDc1MTQyLCJqdGkiOiI4OTNlZTAyOWM4ZDk0YzAwOTcwYTIxYzljZjgzZTI4YyIsInVzZXJfaWQiOiIxIn0.zGu6v4SPWnX6UdQ7yF9nbTnLky36im3w-_QaU25vmD0	2026-01-15 11:05:42.214711+00	2026-01-20 11:05:42+00	1	893ee029c8d94c00970a21c9cf83e28c
11	eyJhbGciOiJIUzI1NiIsInR5cCI6IkpXVCJ9.eyJ0b2tlbl90eXBlIjoicmVmcmVzaCIsImV4cCI6MTc2ODkwNzI3MSwiaWF0IjoxNzY4NDc1MjcxLCJqdGkiOiIyMzcwNmJhZGE2OGI0YjBmYmNiYzFmNzU5YTg2MjlhNyIsInVzZXJfaWQiOiIxOSJ9.NibMBeSBcqidwaJO2WDMOL4InUEXfa7bzxBhv76VLIE	2026-01-15 11:07:51.073065+00	2026-01-20 11:07:51+00	19	23706bada68b4b0fbcbc1f759a8629a7
12	eyJhbGciOiJIUzI1NiIsInR5cCI6IkpXVCJ9.eyJ0b2tlbl90eXBlIjoicmVmcmVzaCIsImV4cCI6MTc2ODkwOTI1MiwiaWF0IjoxNzY4NDc3MjUyLCJqdGkiOiI1YjMyZmRjYjg1MDg0OTYyYjRhNTdhZTU1ZGUyNDRmNyIsInVzZXJfaWQiOiIyMCJ9.uPXNmUPVUOVtS9ZOXI1oZO3-jHAWn34mk97V0_I5pn4	2026-01-15 11:40:52.215478+00	2026-01-20 11:40:52+00	20	5b32fdcb85084962b4a57ae55de244f7
13	eyJhbGciOiJIUzI1NiIsInR5cCI6IkpXVCJ9.eyJ0b2tlbl90eXBlIjoicmVmcmVzaCIsImV4cCI6MTc2ODkwOTcyNCwiaWF0IjoxNzY4NDc3NzI0LCJqdGkiOiI0NGRlMmFjNjAxMWM0Mzc2YTlkZjE0MDViNzU1MzA3ZiIsInVzZXJfaWQiOiIzIn0.C-ljLja8UJp3wJLTQGeqv4ISsnJ93rHoOU8ot9aQ5xU	2026-01-15 11:48:44.549833+00	2026-01-20 11:48:44+00	3	44de2ac6011c4376a9df1405b755307f
\.


--
-- Data for Name: users; Type: TABLE DATA; Schema: public; Owner: myuser
--

COPY public.users (id, password, last_login, is_superuser, email, role, is_active, is_staff, created_at, updated_at, gym_branch_id, first_name, gender, last_name, phone_number, is_verified) FROM stdin;
20	pbkdf2_sha256$1000000$HcJE7uMEoWvXYD1zKKJ3oZ$sx+gY4gQ1ffuNmKJ2oflel8okv4F0i/BXbG1YhPm5D8=	\N	f	member@gmail.com	MEMBER	t	f	2026-01-15 11:07:18.339229+00	2026-01-15 11:44:09.63402+00	1	David	M	Martinez	555-0202	t
3	pbkdf2_sha256$1000000$9AS1KsxYskm3SSrWZ402rP$LDdjPcdWq+hkbXKJ+CyFzpSOsDNzb09Q9Guyd7kKXXs=	\N	f	manager@gmail.com	MANAGER	t	f	2026-01-15 10:01:46.351714+00	2026-01-15 11:50:49.634196+00	2	Rahim	M	Wick	01700000000	t
1	pbkdf2_sha256$1000000$Bofv1EVATT3fQD1kk8mC6E$leurqnaTMvwZ/duKrkXppWfFSYE+nLRYtjXxXbml3jA=	2026-01-15 10:09:42.778987+00	t	admin@gmail.com	ADMIN	t	t	2026-01-14 16:47:00.7442+00	2026-01-15 09:55:11.248553+00	\N	Shohanur	M	Shoron	01723077965	f
4	pbkdf2_sha256$1000000$CfdslI9b7z9rL7EbujS6WE$VXlr6gy+sYpHupBOVuWYfyyEWyKcqoy2MYC5tt+vc6o=	\N	f	sarah.johnson@example.com	MANAGER	t	f	2026-01-15 10:40:03.085948+00	2026-01-15 10:40:03.085948+00	1	Sarah	F	Johnson	555-0101	t
5	pbkdf2_sha256$1000000$DhpAMYVYNUdhX9l6AKARsr$Di4IOKBOVvvfuAbywAl8HJmVOd7snCBrLy6R3UeuZIQ=	\N	f	michael.chen@example.com	MANAGER	t	f	2026-01-15 10:40:15.712472+00	2026-01-15 10:40:15.712472+00	2	Michael	M	Chen	555-0102	t
6	pbkdf2_sha256$1000000$aOSqDvODNEGXM2HQRDdZez$bc6fU6XYojYJ5U7fSy1zj0t2oUIY2xP3nl/pDJnpl6I=	\N	f	jessica.williams@example.com	TRAINER	t	f	2026-01-15 10:40:25.651907+00	2026-01-15 10:40:25.651907+00	1	Jessica	F	Williams	555-0201	t
7	pbkdf2_sha256$1000000$GG3JF6Zu4fMhmY8gA2crKW$ZvMSudUIXzIPFcl6GmsDIty7K/8JvJbgko4L85gFbTM=	\N	f	david.martinez@example.com	TRAINER	t	f	2026-01-15 10:40:37.109279+00	2026-01-15 10:40:37.109279+00	1	David	M	Martinez	555-0202	t
8	pbkdf2_sha256$1000000$kcZe7Y4lLdpXlJ1UBrWleQ$0Dq4ukSO0Vf0Bpe973LB+ZEoa5ljmfgkrUUcRkUMibg=	\N	f	emily.brown@example.com	TRAINER	t	f	2026-01-15 10:40:52.933036+00	2026-01-15 10:40:52.933036+00	1	Emily	F	Brown	555-0203	t
9	pbkdf2_sha256$1000000$gf5F4SosmwJ5ODVVDVVCqV$DMmA6CAPkhrIoG4DMAX5yfZp8fweLFAEhzaY8KIB6Sk=	\N	f	james.taylor@example.com	MEMBER	t	f	2026-01-15 10:41:07.585016+00	2026-01-15 10:41:07.585016+00	1	James	M	Taylor	555-0301	t
10	pbkdf2_sha256$1000000$zVe9CqXSXSvEFSsrIgA3WD$aMs9Rzi1hXDVOY43KTE+RME7Umlny0KT8aVmiVSk+H4=	\N	f	sophia.anderson@example.com	MEMBER	t	f	2026-01-15 10:41:16.479683+00	2026-01-15 10:41:16.479683+00	1	Sophia	F	Anderson	555-0302	t
11	pbkdf2_sha256$1000000$qLlFbLqomkveacmYxtYIgH$+PtboXvWQZW9GxLZQtecNYpLzw2taOHJJgKwQT8ktI4=	\N	f	daniel.thomas@example.com	MEMBER	t	f	2026-01-15 10:41:24.923889+00	2026-01-15 10:41:24.923889+00	2	Daniel	M	Thomas	555-0303	t
13	pbkdf2_sha256$1000000$P3hk5QWgGzCwrSxjGk5VG2$+OeiZFObFyua0NbXfI9rM+Pprmx7lqzX3h3OCuu091k=	\N	f	ryan.lee@example.com	MEMBER	t	f	2026-01-15 10:41:42.128693+00	2026-01-15 10:41:42.128693+00	2	Ryan	M	Lee	555-0305	t
14	pbkdf2_sha256$1000000$EcETlt6ZksqgiPdcgFgm0w$SS6xA/T9P1xyldrWTGqjDMINNwAUvgxOIKyss/2tNg4=	\N	f	natalie.white@example.com	MEMBER	t	f	2026-01-15 10:41:52.594256+00	2026-01-15 10:41:52.594256+00	1	Natalie	F	White	555-0306	t
15	pbkdf2_sha256$1000000$veIjRUd9yu3b1PdOKawlRJ$1vAUahqNiBiLmM0ifZh79rgGDFFgvHdtjK9zzHTQELQ=	\N	f	kevin.harris@example.com	MEMBER	t	f	2026-01-15 10:42:01.188542+00	2026-01-15 10:42:01.188542+00	2	Kevin	M	Harris	555-0307	t
16	pbkdf2_sha256$1000000$5Odein4KPhvvbL0TMnCNvx$Xqa0uL3l6UNiYUSVyFcsTV7bEbv157FW9VMxbWY9Q8g=	\N	f	amanda.clark@example.com	MEMBER	t	f	2026-01-15 10:42:10.995939+00	2026-01-15 10:42:10.995939+00	1	Amanda	F	Clark	555-0308	t
17	pbkdf2_sha256$1000000$EaU8QVTFRdFOMcqv4RPKiU$oRe4rUJ4AMctDsOp2PtT48842q+ACxR82QkkuQiWZaI=	\N	f	chris.rodriguez@example.com	MEMBER	t	f	2026-01-15 10:42:25.73987+00	2026-01-15 10:42:25.73987+00	2	Chris	M	Rodriguez	555-0309	t
18	pbkdf2_sha256$1000000$yaoWKgK4gP9JHpGuSoyxKr$07Y3r4RSPsBi8/QG0S6JL8SdiZAlz/vTbVbtgRLoNXU=	\N	f	rachel.lewis@example.com	MEMBER	t	f	2026-01-15 10:42:37.340768+00	2026-01-15 10:42:37.340768+00	1	Rachel	F	Lewis	555-0310	t
12	pbkdf2_sha256$1000000$I5tziyYPkwABC87dZvw2gV$pohpmOmROEDBKvySCaX/MgMsO3/1Ul9w6V949d1IMzk=	\N	f	olivia.garcia@example.com	MEMBER	t	f	2026-01-15 10:41:34.306465+00	2026-01-15 10:51:04.218413+00	1	Olivia	F	Garcia	555-0304-0000	t
19	pbkdf2_sha256$1000000$PKeSY4vaUEE6Pz42cFSRr9$zuCTfAmD/dHqBq3jpxC894EcRs+TVAZ9OMAUE7CKwmk=	\N	f	triner@gmail.com	TRAINER	t	f	2026-01-15 11:06:36.526776+00	2026-01-15 11:17:08.16371+00	2	David	M	Martinez	555-0202	t
\.


--
-- Data for Name: users_groups; Type: TABLE DATA; Schema: public; Owner: myuser
--

COPY public.users_groups (id, user_id, group_id) FROM stdin;
\.


--
-- Data for Name: users_user_permissions; Type: TABLE DATA; Schema: public; Owner: myuser
--

COPY public.users_user_permissions (id, user_id, permission_id) FROM stdin;
\.


--
-- Data for Name: workout_plans; Type: TABLE DATA; Schema: public; Owner: myuser
--

COPY public.workout_plans (id, title, description, is_active, created_at, updated_at, created_by_id, gym_branch_id) FROM stdin;
1	Beginner Full Body Strength	A comprehensive full-body workout designed for beginners focusing on compound movements. Includes squats, deadlifts, bench press, and rows. Perfect for building foundational strength and muscle mass.	t	2026-01-15 11:22:30.727832+00	2026-01-15 11:22:30.727832+00	19	2
3	Yoga Flow for Flexibility	Gentle yoga sequences focusing on improving flexibility, balance, and mindfulness. Includes sun salutations, warrior poses, and deep stretching exercises suitable for all fitness levels.	t	2026-01-15 11:23:01.88576+00	2026-01-15 11:23:01.88576+00	19	2
4	Powerlifting Program - 12 Weeks	Structured 12-week powerlifting program focused on increasing your squat, bench press, and deadlift maxes. Includes progressive overload, deload weeks, and accessory work for optimal strength gains.	f	2026-01-15 11:23:18.660228+00	2026-01-15 11:23:18.660228+00	19	2
5	Core and Abs Sculpting	Targeted core workout featuring planks, Russian twists, leg raises, and bicycle crunches. Build a strong, defined midsection while improving overall stability and posture in just 20 minutes.	t	2026-01-15 11:23:26.842183+00	2026-01-15 11:23:26.842183+00	19	2
2	Advanced HIIT Cardio Blast (Updated)	High-intensity interval training program combining burpees, mountain climbers, jump squats, and sprint intervals. Designed to maximize fat burning and improve cardiovascular endurance in 30-minute sessions.	t	2026-01-15 11:22:54.761424+00	2026-01-15 11:26:51.722545+00	19	2
\.


--
-- Data for Name: workout_tasks; Type: TABLE DATA; Schema: public; Owner: myuser
--

COPY public.workout_tasks (id, status, due_date, notes, completed_at, created_at, updated_at, member_id, workout_plan_id) FROM stdin;
2	COMPLETED	2025-01-10	Great progress! Client completed all sets with proper form. Ready to increase weight next session.	2025-01-10 18:30:00+00	2026-01-15 11:35:10.511884+00	2026-01-15 11:35:10.511884+00	17	1
3	IN_PROGRESS	2025-01-16	Client is halfway through the HIIT program. Showing excellent endurance improvements.	\N	2026-01-15 11:35:29.785932+00	2026-01-15 11:35:29.785932+00	13	2
4	PENDING	2025-01-18	First yoga session scheduled. Client requested focus on lower back flexibility.	\N	2026-01-15 11:35:40.253498+00	2026-01-15 11:35:40.253498+00	15	3
5	IN_PROGRESS	2025-01-15	Working on squat depth and deadlift technique. Client responds well to coaching cues.	\N	2026-01-15 11:35:53.0845+00	2026-01-15 11:35:53.0845+00	15	1
6	COMPLETED	2025-01-12	Completed core workout with modifications for lower back sensitivity. Excellent engagement throughout. (updated)	2025-01-12 17:45:00+00	2026-01-15 11:36:05.083919+00	2026-01-15 11:39:08.066077+00	13	5
\.


--
-- Name: account_emailverificationcode_id_seq; Type: SEQUENCE SET; Schema: public; Owner: myuser
--

SELECT pg_catalog.setval('public.account_emailverificationcode_id_seq', 1, false);


--
-- Name: activity_logs_id_seq; Type: SEQUENCE SET; Schema: public; Owner: myuser
--

SELECT pg_catalog.setval('public.activity_logs_id_seq', 31, true);


--
-- Name: auth_group_id_seq; Type: SEQUENCE SET; Schema: public; Owner: myuser
--

SELECT pg_catalog.setval('public.auth_group_id_seq', 1, false);


--
-- Name: auth_group_permissions_id_seq; Type: SEQUENCE SET; Schema: public; Owner: myuser
--

SELECT pg_catalog.setval('public.auth_group_permissions_id_seq', 1, false);


--
-- Name: auth_permission_id_seq; Type: SEQUENCE SET; Schema: public; Owner: myuser
--

SELECT pg_catalog.setval('public.auth_permission_id_seq', 52, true);


--
-- Name: django_admin_log_id_seq; Type: SEQUENCE SET; Schema: public; Owner: myuser
--

SELECT pg_catalog.setval('public.django_admin_log_id_seq', 6, true);


--
-- Name: django_content_type_id_seq; Type: SEQUENCE SET; Schema: public; Owner: myuser
--

SELECT pg_catalog.setval('public.django_content_type_id_seq', 13, true);


--
-- Name: django_migrations_id_seq; Type: SEQUENCE SET; Schema: public; Owner: myuser
--

SELECT pg_catalog.setval('public.django_migrations_id_seq', 35, true);


--
-- Name: gym_branches_id_seq; Type: SEQUENCE SET; Schema: public; Owner: myuser
--

SELECT pg_catalog.setval('public.gym_branches_id_seq', 2, true);


--
-- Name: token_blacklist_blacklistedtoken_id_seq; Type: SEQUENCE SET; Schema: public; Owner: myuser
--

SELECT pg_catalog.setval('public.token_blacklist_blacklistedtoken_id_seq', 1, true);


--
-- Name: token_blacklist_outstandingtoken_id_seq; Type: SEQUENCE SET; Schema: public; Owner: myuser
--

SELECT pg_catalog.setval('public.token_blacklist_outstandingtoken_id_seq', 13, true);


--
-- Name: users_groups_id_seq; Type: SEQUENCE SET; Schema: public; Owner: myuser
--

SELECT pg_catalog.setval('public.users_groups_id_seq', 1, false);


--
-- Name: users_id_seq; Type: SEQUENCE SET; Schema: public; Owner: myuser
--

SELECT pg_catalog.setval('public.users_id_seq', 20, true);


--
-- Name: users_user_permissions_id_seq; Type: SEQUENCE SET; Schema: public; Owner: myuser
--

SELECT pg_catalog.setval('public.users_user_permissions_id_seq', 1, false);


--
-- Name: workout_plans_id_seq; Type: SEQUENCE SET; Schema: public; Owner: myuser
--

SELECT pg_catalog.setval('public.workout_plans_id_seq', 5, true);


--
-- Name: workout_tasks_id_seq; Type: SEQUENCE SET; Schema: public; Owner: myuser
--

SELECT pg_catalog.setval('public.workout_tasks_id_seq', 6, true);


--
-- Name: account_emailverificationcode account_emailverificationcode_pkey; Type: CONSTRAINT; Schema: public; Owner: myuser
--

ALTER TABLE ONLY public.account_emailverificationcode
    ADD CONSTRAINT account_emailverificationcode_pkey PRIMARY KEY (id);


--
-- Name: activity_logs activity_logs_pkey; Type: CONSTRAINT; Schema: public; Owner: myuser
--

ALTER TABLE ONLY public.activity_logs
    ADD CONSTRAINT activity_logs_pkey PRIMARY KEY (id);


--
-- Name: auth_group auth_group_name_key; Type: CONSTRAINT; Schema: public; Owner: myuser
--

ALTER TABLE ONLY public.auth_group
    ADD CONSTRAINT auth_group_name_key UNIQUE (name);


--
-- Name: auth_group_permissions auth_group_permissions_group_id_permission_id_0cd325b0_uniq; Type: CONSTRAINT; Schema: public; Owner: myuser
--

ALTER TABLE ONLY public.auth_group_permissions
    ADD CONSTRAINT auth_group_permissions_group_id_permission_id_0cd325b0_uniq UNIQUE (group_id, permission_id);


--
-- Name: auth_group_permissions auth_group_permissions_pkey; Type: CONSTRAINT; Schema: public; Owner: myuser
--

ALTER TABLE ONLY public.auth_group_permissions
    ADD CONSTRAINT auth_group_permissions_pkey PRIMARY KEY (id);


--
-- Name: auth_group auth_group_pkey; Type: CONSTRAINT; Schema: public; Owner: myuser
--

ALTER TABLE ONLY public.auth_group
    ADD CONSTRAINT auth_group_pkey PRIMARY KEY (id);


--
-- Name: auth_permission auth_permission_content_type_id_codename_01ab375a_uniq; Type: CONSTRAINT; Schema: public; Owner: myuser
--

ALTER TABLE ONLY public.auth_permission
    ADD CONSTRAINT auth_permission_content_type_id_codename_01ab375a_uniq UNIQUE (content_type_id, codename);


--
-- Name: auth_permission auth_permission_pkey; Type: CONSTRAINT; Schema: public; Owner: myuser
--

ALTER TABLE ONLY public.auth_permission
    ADD CONSTRAINT auth_permission_pkey PRIMARY KEY (id);


--
-- Name: django_admin_log django_admin_log_pkey; Type: CONSTRAINT; Schema: public; Owner: myuser
--

ALTER TABLE ONLY public.django_admin_log
    ADD CONSTRAINT django_admin_log_pkey PRIMARY KEY (id);


--
-- Name: django_content_type django_content_type_app_label_model_76bd3d3b_uniq; Type: CONSTRAINT; Schema: public; Owner: myuser
--

ALTER TABLE ONLY public.django_content_type
    ADD CONSTRAINT django_content_type_app_label_model_76bd3d3b_uniq UNIQUE (app_label, model);


--
-- Name: django_content_type django_content_type_pkey; Type: CONSTRAINT; Schema: public; Owner: myuser
--

ALTER TABLE ONLY public.django_content_type
    ADD CONSTRAINT django_content_type_pkey PRIMARY KEY (id);


--
-- Name: django_migrations django_migrations_pkey; Type: CONSTRAINT; Schema: public; Owner: myuser
--

ALTER TABLE ONLY public.django_migrations
    ADD CONSTRAINT django_migrations_pkey PRIMARY KEY (id);


--
-- Name: django_session django_session_pkey; Type: CONSTRAINT; Schema: public; Owner: myuser
--

ALTER TABLE ONLY public.django_session
    ADD CONSTRAINT django_session_pkey PRIMARY KEY (session_key);


--
-- Name: gym_branches gym_branches_pkey; Type: CONSTRAINT; Schema: public; Owner: myuser
--

ALTER TABLE ONLY public.gym_branches
    ADD CONSTRAINT gym_branches_pkey PRIMARY KEY (id);


--
-- Name: token_blacklist_blacklistedtoken token_blacklist_blacklistedtoken_pkey; Type: CONSTRAINT; Schema: public; Owner: myuser
--

ALTER TABLE ONLY public.token_blacklist_blacklistedtoken
    ADD CONSTRAINT token_blacklist_blacklistedtoken_pkey PRIMARY KEY (id);


--
-- Name: token_blacklist_blacklistedtoken token_blacklist_blacklistedtoken_token_id_key; Type: CONSTRAINT; Schema: public; Owner: myuser
--

ALTER TABLE ONLY public.token_blacklist_blacklistedtoken
    ADD CONSTRAINT token_blacklist_blacklistedtoken_token_id_key UNIQUE (token_id);


--
-- Name: token_blacklist_outstandingtoken token_blacklist_outstandingtoken_jti_hex_d9bdf6f7_uniq; Type: CONSTRAINT; Schema: public; Owner: myuser
--

ALTER TABLE ONLY public.token_blacklist_outstandingtoken
    ADD CONSTRAINT token_blacklist_outstandingtoken_jti_hex_d9bdf6f7_uniq UNIQUE (jti);


--
-- Name: token_blacklist_outstandingtoken token_blacklist_outstandingtoken_pkey; Type: CONSTRAINT; Schema: public; Owner: myuser
--

ALTER TABLE ONLY public.token_blacklist_outstandingtoken
    ADD CONSTRAINT token_blacklist_outstandingtoken_pkey PRIMARY KEY (id);


--
-- Name: users users_email_key; Type: CONSTRAINT; Schema: public; Owner: myuser
--

ALTER TABLE ONLY public.users
    ADD CONSTRAINT users_email_key UNIQUE (email);


--
-- Name: users_groups users_groups_pkey; Type: CONSTRAINT; Schema: public; Owner: myuser
--

ALTER TABLE ONLY public.users_groups
    ADD CONSTRAINT users_groups_pkey PRIMARY KEY (id);


--
-- Name: users_groups users_groups_user_id_group_id_fc7788e8_uniq; Type: CONSTRAINT; Schema: public; Owner: myuser
--

ALTER TABLE ONLY public.users_groups
    ADD CONSTRAINT users_groups_user_id_group_id_fc7788e8_uniq UNIQUE (user_id, group_id);


--
-- Name: users users_pkey; Type: CONSTRAINT; Schema: public; Owner: myuser
--

ALTER TABLE ONLY public.users
    ADD CONSTRAINT users_pkey PRIMARY KEY (id);


--
-- Name: users_user_permissions users_user_permissions_pkey; Type: CONSTRAINT; Schema: public; Owner: myuser
--

ALTER TABLE ONLY public.users_user_permissions
    ADD CONSTRAINT users_user_permissions_pkey PRIMARY KEY (id);


--
-- Name: users_user_permissions users_user_permissions_user_id_permission_id_3b86cbdf_uniq; Type: CONSTRAINT; Schema: public; Owner: myuser
--

ALTER TABLE ONLY public.users_user_permissions
    ADD CONSTRAINT users_user_permissions_user_id_permission_id_3b86cbdf_uniq UNIQUE (user_id, permission_id);


--
-- Name: workout_plans workout_plans_pkey; Type: CONSTRAINT; Schema: public; Owner: myuser
--

ALTER TABLE ONLY public.workout_plans
    ADD CONSTRAINT workout_plans_pkey PRIMARY KEY (id);


--
-- Name: workout_tasks workout_tasks_pkey; Type: CONSTRAINT; Schema: public; Owner: myuser
--

ALTER TABLE ONLY public.workout_tasks
    ADD CONSTRAINT workout_tasks_pkey PRIMARY KEY (id);


--
-- Name: workout_tasks workout_tasks_workout_plan_id_member_id_due_date_439993a3_uniq; Type: CONSTRAINT; Schema: public; Owner: myuser
--

ALTER TABLE ONLY public.workout_tasks
    ADD CONSTRAINT workout_tasks_workout_plan_id_member_id_due_date_439993a3_uniq UNIQUE (workout_plan_id, member_id, due_date);


--
-- Name: account_ema_expires_33b150_idx; Type: INDEX; Schema: public; Owner: myuser
--

CREATE INDEX account_ema_expires_33b150_idx ON public.account_emailverificationcode USING btree (expires_at);


--
-- Name: account_ema_user_id_f9a151_idx; Type: INDEX; Schema: public; Owner: myuser
--

CREATE INDEX account_ema_user_id_f9a151_idx ON public.account_emailverificationcode USING btree (user_id, purpose, is_used, token);


--
-- Name: account_emailverificationcode_user_id_4bbfafaf; Type: INDEX; Schema: public; Owner: myuser
--

CREATE INDEX account_emailverificationcode_user_id_4bbfafaf ON public.account_emailverificationcode USING btree (user_id);


--
-- Name: activity_lo_model_n_6f1781_idx; Type: INDEX; Schema: public; Owner: myuser
--

CREATE INDEX activity_lo_model_n_6f1781_idx ON public.activity_logs USING btree (model_name, action);


--
-- Name: activity_lo_user_id_b8c999_idx; Type: INDEX; Schema: public; Owner: myuser
--

CREATE INDEX activity_lo_user_id_b8c999_idx ON public.activity_logs USING btree (user_id, created_at DESC);


--
-- Name: activity_logs_user_id_60cbbbe3; Type: INDEX; Schema: public; Owner: myuser
--

CREATE INDEX activity_logs_user_id_60cbbbe3 ON public.activity_logs USING btree (user_id);


--
-- Name: auth_group_name_a6ea08ec_like; Type: INDEX; Schema: public; Owner: myuser
--

CREATE INDEX auth_group_name_a6ea08ec_like ON public.auth_group USING btree (name varchar_pattern_ops);


--
-- Name: auth_group_permissions_group_id_b120cbf9; Type: INDEX; Schema: public; Owner: myuser
--

CREATE INDEX auth_group_permissions_group_id_b120cbf9 ON public.auth_group_permissions USING btree (group_id);


--
-- Name: auth_group_permissions_permission_id_84c5c92e; Type: INDEX; Schema: public; Owner: myuser
--

CREATE INDEX auth_group_permissions_permission_id_84c5c92e ON public.auth_group_permissions USING btree (permission_id);


--
-- Name: auth_permission_content_type_id_2f476e4b; Type: INDEX; Schema: public; Owner: myuser
--

CREATE INDEX auth_permission_content_type_id_2f476e4b ON public.auth_permission USING btree (content_type_id);


--
-- Name: django_admin_log_content_type_id_c4bce8eb; Type: INDEX; Schema: public; Owner: myuser
--

CREATE INDEX django_admin_log_content_type_id_c4bce8eb ON public.django_admin_log USING btree (content_type_id);


--
-- Name: django_admin_log_user_id_c564eba6; Type: INDEX; Schema: public; Owner: myuser
--

CREATE INDEX django_admin_log_user_id_c564eba6 ON public.django_admin_log USING btree (user_id);


--
-- Name: django_session_expire_date_a5c62663; Type: INDEX; Schema: public; Owner: myuser
--

CREATE INDEX django_session_expire_date_a5c62663 ON public.django_session USING btree (expire_date);


--
-- Name: django_session_session_key_c0390e0f_like; Type: INDEX; Schema: public; Owner: myuser
--

CREATE INDEX django_session_session_key_c0390e0f_like ON public.django_session USING btree (session_key varchar_pattern_ops);


--
-- Name: gym_branche_is_acti_0d750f_idx; Type: INDEX; Schema: public; Owner: myuser
--

CREATE INDEX gym_branche_is_acti_0d750f_idx ON public.gym_branches USING btree (is_active);


--
-- Name: gym_branche_name_b6b02b_idx; Type: INDEX; Schema: public; Owner: myuser
--

CREATE INDEX gym_branche_name_b6b02b_idx ON public.gym_branches USING btree (name);


--
-- Name: token_blacklist_outstandingtoken_jti_hex_d9bdf6f7_like; Type: INDEX; Schema: public; Owner: myuser
--

CREATE INDEX token_blacklist_outstandingtoken_jti_hex_d9bdf6f7_like ON public.token_blacklist_outstandingtoken USING btree (jti varchar_pattern_ops);


--
-- Name: token_blacklist_outstandingtoken_user_id_83bc629a; Type: INDEX; Schema: public; Owner: myuser
--

CREATE INDEX token_blacklist_outstandingtoken_user_id_83bc629a ON public.token_blacklist_outstandingtoken USING btree (user_id);


--
-- Name: users_email_0ea73cca_like; Type: INDEX; Schema: public; Owner: myuser
--

CREATE INDEX users_email_0ea73cca_like ON public.users USING btree (email varchar_pattern_ops);


--
-- Name: users_email_4b85f2_idx; Type: INDEX; Schema: public; Owner: myuser
--

CREATE INDEX users_email_4b85f2_idx ON public.users USING btree (email);


--
-- Name: users_groups_group_id_2f3517aa; Type: INDEX; Schema: public; Owner: myuser
--

CREATE INDEX users_groups_group_id_2f3517aa ON public.users_groups USING btree (group_id);


--
-- Name: users_groups_user_id_f500bee5; Type: INDEX; Schema: public; Owner: myuser
--

CREATE INDEX users_groups_user_id_f500bee5 ON public.users_groups USING btree (user_id);


--
-- Name: users_gym_branch_id_3fa75cec; Type: INDEX; Schema: public; Owner: myuser
--

CREATE INDEX users_gym_branch_id_3fa75cec ON public.users USING btree (gym_branch_id);


--
-- Name: users_role_eb9d59_idx; Type: INDEX; Schema: public; Owner: myuser
--

CREATE INDEX users_role_eb9d59_idx ON public.users USING btree (role, gym_branch_id);


--
-- Name: users_user_permissions_permission_id_6d08dcd2; Type: INDEX; Schema: public; Owner: myuser
--

CREATE INDEX users_user_permissions_permission_id_6d08dcd2 ON public.users_user_permissions USING btree (permission_id);


--
-- Name: users_user_permissions_user_id_92473840; Type: INDEX; Schema: public; Owner: myuser
--

CREATE INDEX users_user_permissions_user_id_92473840 ON public.users_user_permissions USING btree (user_id);


--
-- Name: workout_pla_created_0581a3_idx; Type: INDEX; Schema: public; Owner: myuser
--

CREATE INDEX workout_pla_created_0581a3_idx ON public.workout_plans USING btree (created_by_id);


--
-- Name: workout_pla_gym_bra_84bd09_idx; Type: INDEX; Schema: public; Owner: myuser
--

CREATE INDEX workout_pla_gym_bra_84bd09_idx ON public.workout_plans USING btree (gym_branch_id, is_active);


--
-- Name: workout_plans_created_by_id_5ae6faf9; Type: INDEX; Schema: public; Owner: myuser
--

CREATE INDEX workout_plans_created_by_id_5ae6faf9 ON public.workout_plans USING btree (created_by_id);


--
-- Name: workout_plans_gym_branch_id_f9d87c9f; Type: INDEX; Schema: public; Owner: myuser
--

CREATE INDEX workout_plans_gym_branch_id_f9d87c9f ON public.workout_plans USING btree (gym_branch_id);


--
-- Name: workout_tas_due_dat_69cedc_idx; Type: INDEX; Schema: public; Owner: myuser
--

CREATE INDEX workout_tas_due_dat_69cedc_idx ON public.workout_tasks USING btree (due_date);


--
-- Name: workout_tas_member__a4b73a_idx; Type: INDEX; Schema: public; Owner: myuser
--

CREATE INDEX workout_tas_member__a4b73a_idx ON public.workout_tasks USING btree (member_id, status);


--
-- Name: workout_tas_status_9639cd_idx; Type: INDEX; Schema: public; Owner: myuser
--

CREATE INDEX workout_tas_status_9639cd_idx ON public.workout_tasks USING btree (status);


--
-- Name: workout_tas_workout_ce8cdf_idx; Type: INDEX; Schema: public; Owner: myuser
--

CREATE INDEX workout_tas_workout_ce8cdf_idx ON public.workout_tasks USING btree (workout_plan_id);


--
-- Name: workout_tasks_member_id_8eb1e9bb; Type: INDEX; Schema: public; Owner: myuser
--

CREATE INDEX workout_tasks_member_id_8eb1e9bb ON public.workout_tasks USING btree (member_id);


--
-- Name: workout_tasks_workout_plan_id_5eb44c74; Type: INDEX; Schema: public; Owner: myuser
--

CREATE INDEX workout_tasks_workout_plan_id_5eb44c74 ON public.workout_tasks USING btree (workout_plan_id);


--
-- Name: account_emailverificationcode account_emailverificationcode_user_id_4bbfafaf_fk_users_id; Type: FK CONSTRAINT; Schema: public; Owner: myuser
--

ALTER TABLE ONLY public.account_emailverificationcode
    ADD CONSTRAINT account_emailverificationcode_user_id_4bbfafaf_fk_users_id FOREIGN KEY (user_id) REFERENCES public.users(id) DEFERRABLE INITIALLY DEFERRED;


--
-- Name: activity_logs activity_logs_user_id_60cbbbe3_fk_users_id; Type: FK CONSTRAINT; Schema: public; Owner: myuser
--

ALTER TABLE ONLY public.activity_logs
    ADD CONSTRAINT activity_logs_user_id_60cbbbe3_fk_users_id FOREIGN KEY (user_id) REFERENCES public.users(id) DEFERRABLE INITIALLY DEFERRED;


--
-- Name: auth_group_permissions auth_group_permissio_permission_id_84c5c92e_fk_auth_perm; Type: FK CONSTRAINT; Schema: public; Owner: myuser
--

ALTER TABLE ONLY public.auth_group_permissions
    ADD CONSTRAINT auth_group_permissio_permission_id_84c5c92e_fk_auth_perm FOREIGN KEY (permission_id) REFERENCES public.auth_permission(id) DEFERRABLE INITIALLY DEFERRED;


--
-- Name: auth_group_permissions auth_group_permissions_group_id_b120cbf9_fk_auth_group_id; Type: FK CONSTRAINT; Schema: public; Owner: myuser
--

ALTER TABLE ONLY public.auth_group_permissions
    ADD CONSTRAINT auth_group_permissions_group_id_b120cbf9_fk_auth_group_id FOREIGN KEY (group_id) REFERENCES public.auth_group(id) DEFERRABLE INITIALLY DEFERRED;


--
-- Name: auth_permission auth_permission_content_type_id_2f476e4b_fk_django_co; Type: FK CONSTRAINT; Schema: public; Owner: myuser
--

ALTER TABLE ONLY public.auth_permission
    ADD CONSTRAINT auth_permission_content_type_id_2f476e4b_fk_django_co FOREIGN KEY (content_type_id) REFERENCES public.django_content_type(id) DEFERRABLE INITIALLY DEFERRED;


--
-- Name: django_admin_log django_admin_log_content_type_id_c4bce8eb_fk_django_co; Type: FK CONSTRAINT; Schema: public; Owner: myuser
--

ALTER TABLE ONLY public.django_admin_log
    ADD CONSTRAINT django_admin_log_content_type_id_c4bce8eb_fk_django_co FOREIGN KEY (content_type_id) REFERENCES public.django_content_type(id) DEFERRABLE INITIALLY DEFERRED;


--
-- Name: django_admin_log django_admin_log_user_id_c564eba6_fk_users_id; Type: FK CONSTRAINT; Schema: public; Owner: myuser
--

ALTER TABLE ONLY public.django_admin_log
    ADD CONSTRAINT django_admin_log_user_id_c564eba6_fk_users_id FOREIGN KEY (user_id) REFERENCES public.users(id) DEFERRABLE INITIALLY DEFERRED;


--
-- Name: token_blacklist_blacklistedtoken token_blacklist_blacklistedtoken_token_id_3cc7fe56_fk; Type: FK CONSTRAINT; Schema: public; Owner: myuser
--

ALTER TABLE ONLY public.token_blacklist_blacklistedtoken
    ADD CONSTRAINT token_blacklist_blacklistedtoken_token_id_3cc7fe56_fk FOREIGN KEY (token_id) REFERENCES public.token_blacklist_outstandingtoken(id) DEFERRABLE INITIALLY DEFERRED;


--
-- Name: token_blacklist_outstandingtoken token_blacklist_outstandingtoken_user_id_83bc629a_fk_users_id; Type: FK CONSTRAINT; Schema: public; Owner: myuser
--

ALTER TABLE ONLY public.token_blacklist_outstandingtoken
    ADD CONSTRAINT token_blacklist_outstandingtoken_user_id_83bc629a_fk_users_id FOREIGN KEY (user_id) REFERENCES public.users(id) DEFERRABLE INITIALLY DEFERRED;


--
-- Name: users_groups users_groups_group_id_2f3517aa_fk_auth_group_id; Type: FK CONSTRAINT; Schema: public; Owner: myuser
--

ALTER TABLE ONLY public.users_groups
    ADD CONSTRAINT users_groups_group_id_2f3517aa_fk_auth_group_id FOREIGN KEY (group_id) REFERENCES public.auth_group(id) DEFERRABLE INITIALLY DEFERRED;


--
-- Name: users_groups users_groups_user_id_f500bee5_fk_users_id; Type: FK CONSTRAINT; Schema: public; Owner: myuser
--

ALTER TABLE ONLY public.users_groups
    ADD CONSTRAINT users_groups_user_id_f500bee5_fk_users_id FOREIGN KEY (user_id) REFERENCES public.users(id) DEFERRABLE INITIALLY DEFERRED;


--
-- Name: users users_gym_branch_id_3fa75cec_fk_gym_branches_id; Type: FK CONSTRAINT; Schema: public; Owner: myuser
--

ALTER TABLE ONLY public.users
    ADD CONSTRAINT users_gym_branch_id_3fa75cec_fk_gym_branches_id FOREIGN KEY (gym_branch_id) REFERENCES public.gym_branches(id) DEFERRABLE INITIALLY DEFERRED;


--
-- Name: users_user_permissions users_user_permissio_permission_id_6d08dcd2_fk_auth_perm; Type: FK CONSTRAINT; Schema: public; Owner: myuser
--

ALTER TABLE ONLY public.users_user_permissions
    ADD CONSTRAINT users_user_permissio_permission_id_6d08dcd2_fk_auth_perm FOREIGN KEY (permission_id) REFERENCES public.auth_permission(id) DEFERRABLE INITIALLY DEFERRED;


--
-- Name: users_user_permissions users_user_permissions_user_id_92473840_fk_users_id; Type: FK CONSTRAINT; Schema: public; Owner: myuser
--

ALTER TABLE ONLY public.users_user_permissions
    ADD CONSTRAINT users_user_permissions_user_id_92473840_fk_users_id FOREIGN KEY (user_id) REFERENCES public.users(id) DEFERRABLE INITIALLY DEFERRED;


--
-- Name: workout_plans workout_plans_created_by_id_5ae6faf9_fk_users_id; Type: FK CONSTRAINT; Schema: public; Owner: myuser
--

ALTER TABLE ONLY public.workout_plans
    ADD CONSTRAINT workout_plans_created_by_id_5ae6faf9_fk_users_id FOREIGN KEY (created_by_id) REFERENCES public.users(id) DEFERRABLE INITIALLY DEFERRED;


--
-- Name: workout_plans workout_plans_gym_branch_id_f9d87c9f_fk_gym_branches_id; Type: FK CONSTRAINT; Schema: public; Owner: myuser
--

ALTER TABLE ONLY public.workout_plans
    ADD CONSTRAINT workout_plans_gym_branch_id_f9d87c9f_fk_gym_branches_id FOREIGN KEY (gym_branch_id) REFERENCES public.gym_branches(id) DEFERRABLE INITIALLY DEFERRED;


--
-- Name: workout_tasks workout_tasks_member_id_8eb1e9bb_fk_users_id; Type: FK CONSTRAINT; Schema: public; Owner: myuser
--

ALTER TABLE ONLY public.workout_tasks
    ADD CONSTRAINT workout_tasks_member_id_8eb1e9bb_fk_users_id FOREIGN KEY (member_id) REFERENCES public.users(id) DEFERRABLE INITIALLY DEFERRED;


--
-- Name: workout_tasks workout_tasks_workout_plan_id_5eb44c74_fk_workout_plans_id; Type: FK CONSTRAINT; Schema: public; Owner: myuser
--

ALTER TABLE ONLY public.workout_tasks
    ADD CONSTRAINT workout_tasks_workout_plan_id_5eb44c74_fk_workout_plans_id FOREIGN KEY (workout_plan_id) REFERENCES public.workout_plans(id) DEFERRABLE INITIALLY DEFERRED;


--
-- PostgreSQL database dump complete
--

\unrestrict ZzYWRx7FUTQTaeROh45cSaHRFTne5VmnBQCXbCuMcmIOyj5iHYg9acuR5YYI22i

